Method,Test slice,Records,Coverage,Mean width
Raw quantile,All test days,28000,0.8909642857142858,3.236831807919207
Raw quantile,Zero-sales days,15098,0.9910584183335541,1.8005831838744406
Raw quantile,Positive-sales days,12902,0.7738335141838475,4.917538808835955
Raw quantile,Demand spikes,1835,0.09591280653950954,2.873210474315309
Raw quantile,Low historical-volume tier,9324,0.9014371514371514,1.1595160085819216
Raw quantile,Medium historical-volume tier,9324,0.8944658944658944,2.1701988695836483
Raw quantile,High historical-volume tier,9352,0.8770316509837468,6.3713675254193785
CQR calibrated,All test days,28000,0.8909642857142858,3.236831807919207
CQR calibrated,Zero-sales days,15098,0.9910584183335541,1.8005831838744406
CQR calibrated,Positive-sales days,12902,0.7738335141838475,4.917538808835955
CQR calibrated,Demand spikes,1835,0.09591280653950954,2.873210474315309
CQR calibrated,Low historical-volume tier,9324,0.9014371514371514,1.1595160085819216
CQR calibrated,Medium historical-volume tier,9324,0.8944658944658944,2.1701988695836483
CQR calibrated,High historical-volume tier,9352,0.8770316509837468,6.3713675254193785
Residual-based,All test days,28000,0.7961785714285714,2.3447760902501265
Residual-based,Zero-sales days,15098,0.8821035898794543,2.1458963070401307
Residual-based,Positive-sales days,12902,0.695628584715548,2.5775064395684115
Residual-based,Demand spikes,1835,0.29318801089918256,2.2579888446953893
Residual-based,Low historical-volume tier,9324,0.9498069498069498,1.9844413668513587
Residual-based,Medium historical-volume tier,9324,0.8657228657228657,2.326419871037136
Residual-based,High historical-volume tier,9352,0.5736740804106074,2.722333227644484
